Common Name,Allergen ID
pit-viper,1
chickpea,2
house dust mite,3
pecan,4
mugwort,5
short ragweed,6
short ragweed,7
pea,8
watermelon,9
snake venom,10
crayfish,11
green mud crab,12
strawberry,13
strawberry,14
strawberry,15
fungus,16
fungus,17
rice,18
rice,19
rice,20
feverfew,21
acacia,22
mesquite,23
octopus,24
mango,25
short ragweed,26
short ragweed,27
horse,28
horse,29
English walnut,30
black walnut,31
golden hamster,32
Russian thistle,33
rice,34
rice,35
rice,36
rice,37
rice,38
rice,39
house dust mite,40
booklouse,41
booklouse,42
house dust mite,44
narrow-leaved plantain,45
common cypress,46
pomegranate,47
snake venom,48
moth,49
house dust mite,50
dog,51
wild boar,52
silkworm,53
silkworm,54
tomato,55
yellow fever mosquito,56
corn,57
rice,58
rice,59
rice,60
rice,61
snake venom,62
short-tailed mamushi,63
scabies mite,64
house dust mite,66
chicken,67
green kiwifruit,68
cow,69
dog,70
honey bee,71
house dust mite,72
green kiwifruit,73
turnip,74
European white birch,75
soybean,76
soybean,77
soybean,78
soybean,79
soybean,80
soybean,81
soybean,82
soybean,83
Para rubber tree,84
barley,85
barley,86
barley,87
barley,88
castor bean,89
potato,90
potato,91
potato,92
wheat,93
wheat,94
wheat,95
wheat,96
wheat,97
wheat,98
wheat,99
wheat,100
wheat,101
wheat,102
wheat,103
wheat,104
wheat,105
wheat,106
wheat,107
wheat,108
wheat,109
wheat,110
wheat,111
European hazelnut,112
European hazelnut,113
European hazelnut,114
European hazelnut,115
chicken,116
chicken,117
chicken,118
sunflower,120
Brazil nut,121
short ragweed,122
short ragweed,123
short ragweed,124
short ragweed,125
short ragweed,126
Kentucky bluegrass,127
Kentucky bluegrass,128
Kentucky bluegrass,129
short ragweed,130
giant ragweed,131
bacteria,132
midge,133
midge,134
midge,135
midge,136
midge,137
midge,138
midge,139
midge,140
soybean,141
soybean,142
potato,143
chicken,144
cow,145
perennial ryegrass,146
perennial ryegrass,147
perennial ryegrass,148
chicken,149
giant honeybee,150
house dust mite,151
rat,152
fungus,153
chicken,154
soybean,155
papaya,156
Baltic cod,157
European hake,158
Danube crayfish,159
bacteria,160
wheat,161
bacteria,162
whiteface hornet,163
yellow jacket,164
paper wasp,165
wasp,166
cow,167
cow,168
cow,169
cow,170
cow,171
cow,172
cow,173
cow,174
cow,175
cat,176
cat,177
green kiwifruit,178
short ragweed,179
fungus,180
European white birch,181
barley,182
perennial ryegrass,183
perennial ryegrass,184
corn,185
corn,186
potato,187
soybean,188
soybean,189
soybean,190
soybean,191
soybean,192
wheat,193
wheat,194
wheat,195
wheat,196
wheat,197
wheat,198
wheat,199
wheat,200
wheat,201
wheat,202
wheat,203
wheat,204
wheat,205
wheat,206
wheat,207
wheat,208
wheat,209
mouse,210
rat,211
chicken,212
house dust mite,213
house dust mite,214
house dust mite,215
rice,216
rice,217
soybean,218
yeast,219
peanut,222
soybean,223
soybean,224
soybean,225
alder,226
bacteria,227
whiteface hornet,230
fungus,231
cow,232
mouse,233
birch,234
birch,235
jumper ant,237
corn,238
corn,239
corn,240
European white birch,241
European white birch,242
bent grass,243
sweet vernal grass,244
tall fescue,245
tall fescue,246
Kentucky bluegrass,247
Para rubber tree,248
house dust mite,249
cat,250
common timothy,251
horse,252
hornbeam,253
hornbeam,254
hornbeam,255
house dust mite,256
canary grass,257
velvet grass,258
common timothy,259
short ragweed,260
wheat,261
common timothy,262
barley,263
European white birch,264
Bermuda grass,265
Bermuda grass,266
European white birch,267
European white birch,268
European white birch,269
European white birch,270
European white birch,271
European white birch,272
European white birch,273
common timothy,274
perennial ryegrass,275
cow,276
bacteria,277
grape,278
grape,279
fungus,280
fungus,281
common timothy,282
common timothy,283
European white birch,284
Japanese cedar,285
Japanese cedar,286
Japanese cedar,287
soybean,288
house dust mite,289
whiteface hornet,290
house dust mite,291
Western ragweed,292
Western ragweed,293
Western ragweed,294
Western ragweed,295
Western ragweed,296
Japanese cedar,297
European white birch,298
European white birch,299
European white birch,300
Kentucky bluegrass,301
German cockroach,302
German cockroach,303
red fire ant,304
European hornet,305
European hornet,306
paper wasp,307
wasp,308
wasp,309
wasp,310
wasp,311
wasp,312
wasp,313
whiteface hornet,314
yellow fever mosquito,315
honey bee,316
barley,317
storage mite,318
greasyback shrimp,319
yeast,320
lilac,321
lilac,322
lilac,323
dog,324
fungus,325
Bermuda grass,326
pellitory,327
fungus,328
house dust mite,330
soybean,331
wheat,332
pellitory,333
apple,334
chicken,335
soybean,336
house dust mite,337
muskmelon,338
chicken,339
European white birch,340
apple,341
cat,342
apple,343
wheat,344
wheat,345
wheat,346
wasp,347
wheat,348
house dust mite,349
house dust mite,350
perennial ryegrass,351
fungus,352
pellitory,353
potato,354
rye,355
fungus,356
storage mite,357
mung bean,358
hornbeam,359
hornbeam,360
hornbeam,361
white mustard,362
white mustard,363
white mustard,364
white mustard,365
white mustard,366
house dust mite,367
wheat,368
common timothy,369
orchard grass,370
cherry,371
German cockroach,372
velvet grass,373
peanut,374
peanut,375
fungus,376
European white birch,377
European white birch,378
cat,379
parasitic roundworm,380
Japanese cedar,381
fungus,382
rice,383
German cockroach,384
Para rubber tree,385
soybean,386
bacteria,387
Bermuda grass,388
Bermuda grass,389
turnip,390
yeast,391
rice,392
rice,393
rice,394
wheat,395
house dust mite,396
weed,397
weed,398
weed,399
weed,400
weed,401
apple,403
apple,404
apple,405
apple,406
house dust mite,407
European white birch,408
European white birch,409
European white birch,410
European white birch,411
European white birch,412
European white birch,413
European white birch,414
European white birch,415
European hazelnut,416
European hazelnut,417
salmon,418
carrot,419
wasp,424
celery,425
fungus,426
chicken,427
house dust mite,429
house dust mite,430
European chestnut,431
olive,432
olive,433
olive,434
olive,435
olive,436
olive,437
olive,438
olive,439
cat,440
cat,441
house dust mite,442
rice,443
rice,444
rice,445
rice,446
barley,447
jumper ant,448
apple,449
Para rubber tree,450
cherry,451
Japanese cypress,452
American cockroach,453
pellitory,454
pellitory,455
European white birch,456
European white birch,457
European white birch,458
European white birch,459
European white birch,460
European white birch,461
European white birch,462
hornbeam,464
hornbeam,465
hornbeam,466
hornbeam,467
hornbeam,468
hornbeam,469
hornbeam,470
hornbeam,471
potato,472
horse,473
American cockroach,474
American cockroach,475
storage mite,476
storage mite,477
common timothy,478
jumper ant,479
corn,480
bacteria,481
fungus,482
carrot,483
common timothy,484
common timothy,485
rye,486
midge,488
midge,489
barley,490
whiteface hornet,491
wasp,492
English walnut,493
tomato,494
orchard grass,495
weed,496
weed,497
fungus,498
fungus,499
Bermuda grass,500
wheat,501
jumper ant,502
Para rubber tree,503
yellow fever mosquito,504
rape,505
rape,506
turnip,507
fungus,508
Bermuda grass,509
carrot,510
carrot,511
carrot,512
fungus,513
storage mite,514
American cockroach,515
American cockroach,516
velvet grass,517
velvet grass,518
olive,519
red fire ant,520
German cockroach,521
house dust mite,522
common timothy,523
common timothy,524
European white birch,525
common timothy,526
common timothy,527
house dust mite,528
apple,529
olive,530
olive,531
olive,532
olive,533
cow,534
cow,535
pellitory,536
canary grass,537
canary grass,538
canary grass,539
canary grass,540
canary grass,541
midge,542
midge,543
European white birch,544
European white birch,545
European white birch,546
European white birch,547
American cockroach,548
dog,549
dog,550
corn,551
American lobster,552
American lobster,553
apricot,554
parasitic roundworm,555
parasitic roundworm,556
parasitic roundworm,557
parasitic roundworm,558
parasitic roundworm,559
parasitic roundworm,560
parasitic roundworm,561
parasitic roundworm,562
parasitic roundworm,563
parasitic roundworm,564
parasitic worm,565
fungus,566
rice,567
Para rubber tree,568
American cockroach,569
fungus,570
tomato,571
American cockroach,572
annual mercury grass,573
common timothy,574
common timothy,575
common timothy,576
fungus,577
fungus,578
soybean,579
soybean,580
lobster,581
Para rubber tree,582
soybean,583
horse,584
horse,585
common timothy,586
common timothy,587
common timothy,588
common timothy,589
Para rubber tree,590
avocado,591
pear,592
privet,593
privet,594
peach,595
Para rubber tree,596
common timothy,597
common timothy,598
common timothy,599
common timothy,600
alder,601
dog,602
cow,603
olive,604
barley,605
common timothy,606
yeast,607
yeast,608
sunflower,609
apple,610
Eastern oyster,611
peanut,612
fungus,613
Para rubber tree,614
velvet grass,615
common timothy,616
wheat,617
olive,618
olive,619
house dust mite,620
house dust mite,621
house dust mite,622
house dust mite,623
European white birch,624
European white birch,625
European white birch,626
European white birch,627
European white birch,628
European white birch,629
European white birch,630
European white birch,631
European white birch,632
European white birch,633
European white birch,634
orchard grass,635
wheat,636
red fire ant,637
red fire ant,638
Kentucky bluegrass,639
soybean,640
yeast,641
yeast,642
yeast,643
mountain cedar,644
mung bean,645
house dust mite,646
fungus,647
German cockroach,648
American cockroach,649
soybean,650
European white birch,651
European white birch,652
European white birch,653
European white birch,654
European white birch,655
American cockroach,656
perennial ryegrass,657
brown garden snail,658
American cockroach,659
shaggy mane,660
German cockroach,661
fungus,662
yeast,663
fungus,664
apple,665
apple,666
apple,667
apple,668
apple,669
apple,670
apple,671
apple,672
European white birch,673
European white birch,674
European white birch,675
celery,676
pear,677
cherry,678
apple,679
apple,680
apple,681
apple,682
common timothy,683
wasp,684
fungus,685
house dust mite,686
fungus,687
sesame,688
sesame,689
sesame,690
juniper,691
parasitic nematode,692
Para rubber tree,693
peanut,694
European hazelnut,695
wheat,696
Para rubber tree,697
fungus,698
fungus,699
fungus,700
paper wasp,701
paper wasp,702
house dust mite,703
peanut,704
peanut,705
peanut,706
fungus,707
parasitic fish worm,708
banana,709
black fire ant,710
black fire ant,711
wasp,712
storage mite,713
storage mite,714
storage mite,715
Arizona cypress,716
English walnut,717
perennial ryegrass,718
perennial ryegrass,719
fungus,720
fungus,721
storage mite,722
Para rubber tree,723
cherry,724
pear,725
house dust mite,726
storage mite,727
olive,728
olive,729
Para rubber tree,730
Para rubber tree,731
Para rubber tree,732
crab,733
storage mite,734
yeast,735
midge,736
pea,737
Indian honeybee,738
tropical fire ant,739
tropical fire ant,740
Bermuda grass,741
fungus,742
German cockroach,743
common cypress,744
common cypress,745
common cypress,746
common cypress,747
common cypress,748
rice,749
parasitic fish worm,750
red cedar,751
red cedar,752
Para rubber tree,753
tsetse fly,754
wheat,755
mountain cedar,756
fungus,757
house dust mite,758
plum,759
Para rubber tree,760
Arizona cypress,761
abalone,762
Asian green mussell,763
noble scallop,764
mountain cedar,765
soybean,766
soybean,767
house dust mite,768
Bermuda grass,769
soybean,770
European white birch,771
sesame,772
Para rubber tree,773
wheat,774
bacteria,775
corn,776
Para rubber tree,777
wasp,778
European white birch,779
European hazelnut,780
European hazelnut,781
European hazelnut,782
Kentucky bluegrass,783
velvet grass,784
European rabbit,785
European rabbit,786
fungus,787
fungus,788
Asian white birch,789
Asian white birch,790
Asian white birch,791
European hazelnut,792
European hazelnut,793
Indian honeybee,794
golden hamster,795
sesame,796
sesame,797
sesame,798
olive,799
common timothy,800
European hazelnut,801
house dust mite,802
fungus,803
fungus,804
banana,805
corn,806
fungus,807
house dust mite,808
olive,809
short ragweed,810
narrow-leaved plantain,811
narrow-leaved plantain,812
narrow-leaved plantain,813
orchard grass,814
celery,815
fungus,816
Para rubber tree,817
fungus,818
fungus,819
apple,820
bumblebee,821
lilac,822
pellitory,823
pellitory,824
pear,825
parasitic fish worm,826
olive,827
Atlantic cod,828
Atlantic cod,829
Alaska pollock,830
Alaska pollock,831
Para rubber tree,832
fungus,833
fungus,834
house dust mite,835
juniper,836
Bermuda grass,837
peanut,838
apple,839
apple,840
apple,841
American oyster,842
soybean,843
soybean,844
Western conenose,845
lychee nut,846
chicken,847
Indian meal moth,848
Bermuda grass,849
Bermuda grass,850
Bermuda grass,851
European chestnut,852
bell pepper,853
tomato,854
rice,855
bell pepper,856
tomato,857
peanut,858
buckwheat,859
banana,860
cat,861
carp,862
carp,863
house dust mite,864
orchard grass,865
orchard grass,866
salmon,867
strawberry,868
European hazelnut,869
tomato,870
tomato,871
carrot,872
carrot,873
Arizona cypress,874
yeast,875
smokybrown cockroach,876
European hazelnut,877
Japanese cedar,878
fungus,879
fungus,880
carrot,881
Para rubber tree,882
potato,883
mouse,884
house dust mite,885
silverfish,886
silverfish,887
frog,888
frog,889
frog,890
frog,891
fungus,892
storage mite,893
storage mite,894
fungus,895
peanut,896
date palm,897
house dust mite,898
cassava,899
house dust mite,900
cashew,901
apple,902
house dust mite,903
house dust mite,904
house dust mite,905
house dust mite,906
house dust mite,907
house dust mite,908
house dust mite,909
house dust mite,910
house dust mite,911
house dust mite,912
house dust mite,913
house dust mite,914
house dust mite,915
house dust mite,916
house dust mite,917
house dust mite,918
house dust mite,919
house dust mite,920
house dust mite,921
house dust mite,922
house dust mite,923
house dust mite,924
common timothy,925
common timothy,926
common timothy,927
common timothy,928
common timothy,929
common timothy,930
common timothy,931
common timothy,932
common timothy,933
common timothy,934
common timothy,935
common timothy,936
common timothy,937
common timothy,938
fungus,939
fungus,940
European white birch,941
fungus,942
cashew,943
house dust mite,944
olive,945
pigweed,946
peanut,947
dog,948
fungus,949
common timothy,950
rice,951
rice,952
rice,953
fungus,954
fungus,955
fungus,956
fungus,957
honey bee,958
almond,959
cashew,960
fungus,961
Japanese cedar,962
Japanese cedar,963
Japanese cedar,964
Russian thistle,965
peach,966
peach,967
paper wasp,968
fungus,969
mugwort,970
mugwort,971
house dust mite,972
cashew,973
London plane tree,974
peanut,975
rape,976
scabies mite,977
scabies mite,978
black tiger shrimp,979
Para rubber tree,980
peach,981
peach,982
house dust mite,983
house dust mite,984
cow,985
cow,986
mugwort,987
cow,988
apple,989
pecan,990
common timothy,992
yeast,993
yeast,994
corn,995
corn,996
house dust mite,997
apple,998
apple,999
apple,1000
common timothy,1001
narrow-leaved plantain,1002
European hazelnut,1003
dog,1004
dog,1005
honey bee,1006
chub mackerel,1007
olive,1008
pigweed,1009
pigweed,1010
common timothy,1011
lentil,1012
lentil,1013
buckwheat,1014
buckwheat,1015
buckwheat,1016
parasitic worm,1017
American cockroach,1018
Brazil nut,1019
fungus,1020
wheat,1022
cow,1023
cow,1024
European white birch,1025
Para rubber tree,1026
paper wasp,1027
black walnut,1028
black walnut,1029
peanut,1030
sunflower,1031
muskmelon,1032
mustard,1033
turnip,1034
orchard grass,1035
domestic guinea pig,1036
Para rubber tree,1037
Japanese hop,1038
orchard grass,1039
celery,1040
olive,1041
European ash,1042
olive,1043
olive,1044
olive,1045
olive,1046
olive,1047
olive,1048
olive,1049
olive,1050
olive,1051
house dust mite,1052
house dust mite,1053
house dust mite,1054
house dust mite,1055
storage mite,1056
storage mite,1057
storage mite,1058
storage mite,1059
storage mite,1060
storage mite,1061
storage mite,1062
storage mite,1063
storage mite,1064
storage mite,1065
storage mite,1066
storage mite,1067
Japanese hop,1069
Japanese hop,1070
short ragweed,1071
short ragweed,1072
short ragweed,1073
European ash,1074
peanut,1075
yeast,1076
olive,1077
olive,1078
olive,1079
olive,1080
house dust mite,1081
fungus,1082
fungus,1083
house dust mite,1084
house dust mite,1085
house dust mite,1086
house dust mite,1087
house dust mite,1088
house dust mite,1089
house dust mite,1090
house dust mite,1091
fungus,1092
cedar,1093
cedar,1094
common cypress,1095
common cypress,1096
apple,1097
European white birch,1098
olive,1099
green kiwifruit,1100
paper wasp,1101
Bermuda grass,1102
Para rubber tree,1103
pea,1104
pea,1105
parasitic fish worm,1106
parasitic nematode,1107
cherry,1108
cherry,1109
cherry,1110
common timothy,1111
common timothy,1112
paper wasp,1113
paper wasp,1114
paper wasp,1115
paper wasp,1116
fungus,1117
rice,1118
mite,1119
cat,1120
common timothy,1121
muskmelon,1122
scabies mite,1123
scabies mite,1124
scabies mite,1125
scabies mite,1126
Para rubber tree,1127
Chinese white shrimp,1128
Chinese white shrimp,1129
peanut,1130
peanut,1131
peanut,1132
giant honeybee,1133
bumblebee,1134
parasitic fish worm,1136
perennial ryegrass,1137
Japanese cypress,1138
storage mite,1139
Asian seabass,1140
fungus,1141
fungus,1142
London plane tree,1143
European hazelnut,1144
orange,1145
American cockroach,1146
apple,1147
apple,1148
apple,1149
apple,1150
apple,1151
red fire ant,1152
paper wasp,1153
paper wasp,1154
giant bull ant,1155
Russian thistle,1156
red cedar,1157
white mustard,1158
storage mite,1159
peanut,1160
orange,1161
lemon,1162
orange,1163
fungus,1164
common timothy,1165
common timothy,1166
mulberry,1167
mulberry,1168
fungus,1169
peach,1170
chicken,1171
rye,1172
rye,1173
perennial ryegrass,1174
house dust mite,1175
house dust mite,1176
house dust mite,1177
orange,1178
European ash,1179
midge,1180
midge,1181
midge,1182
Japanese cedar,1183
Asian seabass,1184
English walnut,1185
muskmelon,1186
tobacco,1187
tobacco,1188
muskmelon,1189
European pigeon tick,1190
honey bee,1191
saffron crocus,1192
turnip,1193
fungus,1194
Russian thistle,1195
Russian thistle,1196
fungus,1197
apple,1198
apple,1199
apple,1200
apple,1201
apple,1202
apple,1203
mung bean,1204
American cockroach,1205
American cockroach,1206
American cockroach,1207
American cockroach,1208
American cockroach,1209
house dust mite,1210
lentil,1211
black tiger shrimp,1212
scabies mite,1213
house dust mite,1214
Chinese-date,1215
house dust mite,1216
buckwheat,1217
wasp,1218
white mustard,1219
white mustard,1220
short ragweed,1221
short ragweed,1222
short ragweed,1223
short ragweed,1224
short ragweed,1225
wheat,1226
mugwort,1227
mugwort,1228
wheat,1229
German cockroach,1230
honey bee,1231
corn,1235
wheat,1236
fungus,1237
strawberry,1238
strawberry,1239
strawberry,1240
house dust mite,1241
house dust mite,1242
gold kiwifruit,1243
olive,1244
peanut,1245
green kiwifruit,1246
wheat,1247
tomato,1248
brown shrimp,1249
Para rubber tree,1250
mugwort,1251
wheat,1252
trumpet lily,1253
wasp,1254
wasp,1255
fungus,1256
fungus,1257
fungus,1258
fungus,1259
fungus,1260
honey bee,1261
bumblebee,1262
rape,1263
almond,1264
peanut,1265
white lupine,1266
weed,1267
common timothy,1268
sweet vernal grass,1269
bent grass,1270
bent grass,1271
sweet vernal grass,1272
tall fescue,1273
velvet grass,1274
rye,1275
wheat,1276
pineapple,1277
pineapple,1278
wheat,1279
wheat,1280
house dust mite,1281
house dust mite,1282
house dust mite,1283
house dust mite,1284
fungus,1285
fungus,1286
fungus,1287
parasitic roundworm,1288
potato,1289
Japanese horse mackerel,1290
potato,1291
yeast,1292
house dust mite,1293
house dust mite,1294
rat,1295
peach,1296
silkworm,1297
German cockroach,1298
German cockroach,1299
German cockroach,1300
fungus,1301
fungus,1302
fungus,1303
fungus,1304
fungus,1305
fungus,1306
fungus,1307
fungus,1308
bacteria,1309
lychee nut,1310
buckwheat,1311
cuttlefish,1312
bigfin reef squid,1313
Japanese flying squid,1314
red squid,1315
octopus,1316
house dust mite,1317
banana,1318
rice,1319
German cockroach,1320
fungus,1321
soybean,1322
wasp,1323
house dust mite,1324
fungus,1326
house dust mite,1327
strawberry,1328
banana,1329
honey bee,1330
corn,1331
corn,1332
corn,1333
corn,1334
corn,1335
white lupine,1336
strawberry,1337
strawberry,1338
strawberry,1339
strawberry,1340
fungus,1341
fungus,1342
fungus,1343
honey bee,1344
yellow fever mosquito,1345
honey bee,1346
fungus,1348
pellitory,1349
house dust mite,1350
corn,1351
corn,1352
mung bean,1353
rice,1355
raspberry,1356
raspberry,1357
London plane tree,1358
parasitic fish worm,1359
pistachio,1360
pistachio,1361
pistachio,1362
house dust mite,1363
common timothy,1364
common timothy,1365
common timothy,1366
common timothy,1367
common timothy,1368
common timothy,1369
common timothy,1370
corn,1371
corn,1372
corn,1373
corn,1374
corn,1375
corn,1376
corn,1377
peanut,1378
house dust mite,1379
house dust mite,1380
house dust mite,1381
house dust mite,1382
house dust mite,1383
house dust mite,1384
peanut,1385
Fungus,1386
Tataricum buckwheat,1387
peanut,1388
rice,1389
rice,1390
cat,1391
corn,1392
Japanese cedar,1393
Japanese cedar,1394
Japanese cedar,1395
Japanese cedar,1396
Japanese cedar,1397
Japanese cedar,1398
Japanese cedar,1399
Japanese cedar,1400
Japanese cedar,1401
Japanese cypress,1402
whiteleg shrimp,1403
corn,1404
corn,1405
wasp,1406
wasp,1407
Arizona cypress,1408
wild boar,1409
fungus,1410
mite,1411
mite,1412
parasitic fish worm,1413
house dust mite,1414
house dust mite,1415
house dust mite,1416
crab,1417
fishtail palm,1418
storage mite,1419
parasitic fish worm,1420
fungus,1421
olive,1422
wheat,1423
peanut,1424
Japanese cedar,1425
Para rubber tree,1426
Para rubber tree,1427
Para rubber tree,1428
Para rubber tree,1429
Para rubber tree,1430
house dust mite,1431
crustacean,1432
kuruma shrimp,1434
Kamchatka crab,1435
Kamchatka crab,1436
horsehair crab,1437
horsehair crab,1438
horse,1439
pistachio,1440
fungus,1441
Chinese mitten crab,1442
Japanese cedar,1443
house dust mite,1444
house dust mite,1445
house dust mite,1446
house dust mite,1447
house dust mite,1448
house dust mite,1449
Tataricum buckwheat,1450
German cockroach,1451
German cockroach,1452
German cockroach,1453
olive,1454
olive,1455
olive,1456
olive,1457
olive,1458
olive,1459
grape,1460
peanut,1461
buckwheat,1462
green kiwifruit,1463
Atlantic cod,1464
Atlantic cod,1465
fungus,1466
storage mite,1467
mugwort,1468
narrow-leaved blue lupine,1469
narrow-leaved blue lupine,1470
pistachio,1471
giant mud crab,1472
crab,1473
fungus,1474
wheat,1475
parasitic fish worm,1476
parasitic fish worm,1477
parasitic fish worm,1478
parasitic fish worm,1479
parasitic fish worm,1480
parasitic fish worm,1481
parasitic fish worm,1482
parasitic fish worm,1483
parasitic fish worm,1484
parasitic fish worm,1485
pistachio,1486
house dust mite,1487
Chinese razor clam,1488
krill,1489
North Pacific krill,1490
white mustard,1491
white mustard,1492
house dust mite,1493
house dust mite,1494
soybean,1495
storage mite,1496
storage mite,1497
parasitic fish worm,1498
house dust mite,1499
house dust mite,1500
European white birch,1501
peanut,1502
mung bean,1503
Para rubber tree,1504
potato,1505
pecan,1506
pecan,1507
European white birch,1508
cherry,1509
peanut,1510
cow,1511
cow,1512
cow,1513
house dust mite,1514
olive,1515
olive,1516
olive,1517
olive,1518
olive,1519
olive,1520
olive,1521
olive,1522
olive,1523
olive,1524
olive,1525
olive,1526
olive,1527
olive,1528
olive,1529
olive,1530
olive,1531
olive,1532
olive,1533
olive,1534
olive,1535
peanut,1536
German cockroach,1537
peanut,1538
mantis shrimp,1539
oriental plane,1540
oriental plane,1541
house dust mite,1542
house dust mite,1543
apple,1544
apple,1545
apple,1546
wasp,1547
olive,1548
hornbeam,1549
hornbeam,1550
hornbeam,1551
hornbeam,1552
hornbeam,1553
white oak,1554
white oak,1555
white oak,1556
storage mite,1557
wasp,1558
American cockroach,1559
Bahia grass,1560
peanut,1561
Asian needle ant,1562
narrow-leaved blue lupine,1563
whiteleg shrimp,1564
muskmelon,1565
house dust mite,1566
sesame,1567
whiteleg shrimp,1568
honey bee,1569
soybean,1570
soybean,1571
soybean,1572
soybean,1573
house dust mite,1574
biting midges,1575
biting midges,1576
common timothy,1577
common timothy,1578
common timothy,1579
common timothy,1580
mugwort,1581
mugwort,1582
mugwort,1583
mugwort,1584
gold kiwifruit,1585
plant hybrid,1586
plant hybrid,1587
plant hybrid,1588
plant hybrid,1589
plant hybrid,1590
plant hybrid,1591
plant hybrid,1592
almond,1593
wheat,1594
wheat,1595
wheat,1596
South American pilchard,1597
fungus,1598
yellow fever mosquito,1599
green kiwifruit,1600
German cockroach,1601
German cockroach,1602
house dust mite,1603
cow,1604
wheat,1605
salmon,1606
sesame,1607
peanut,1608
pellitory,1609
yellow fever mosquito,1610
beet,1611
wheat,1612
honey bee,1613
wheat,1614
wheat,1615
wheat,1616
flat fish,1617
house dust mite,1618
sesame,1619
English walnut,1620
salmon,1621
chicken,1622
European chestnut,1623
European chestnut,1624
European chestnut,1625
European Beech,1626
European Beech,1627
European Beech,1628
German cockroach,1629
American cockroach,1630
salmon,1631
apple,1633
apple,1634
apple,1635
apple,1636
apple,1637
house dust mite,1638
house dust mite,1639
house dust mite,1640
house dust mite,1641
house dust mite,1642
fungus,1643
clam,1644
disk abalone,1645
Japanese turban shell,1646
wrinkled neptune,1647
clam,1648
American oyster,1649
mollusc,1650
mollusc,1651
clam,1652
Gould's razor shell,1653
storage mite,1654
German cockroach,1655
swordfish,1656
whiteleg shrimp,1658
parasitic roundworm,1659
peanut,1660
peanut,1661
crayfish,1662
Russian thistle,1663
Russian thistle,1664
chicken,1665
European hazelnut,1666
redroot pigweed,1667
arthropod,1668
shrimp,1669
shrimp,1670
shrimp,1671
shrimp,1672
shrimp,1673
shrimp,1674
pigweed,1675
American cockroach,1676
Russian thistle,1677
ocean perch (red fish),1678
ocean perch (red fish),1679
Atlantic herring,1680
Atlantic herring,1681
Atlantic herring,1682
wheat,1683
wheat,1684
fungus,1685
house dust mite,1686
house dust mite,1687
celery,1688
house dust mite,1689
house dust mite,1690
Arizona cypress,1692
dog,1693
German cockroach,1694
German cockroach,1695
Para rubber tree,1696
olive,1697
Para rubber tree,1698
parasitic fish worm,1699
gold kiwifruit,1700
green kiwifruit,1701
wheat,1702
wheat,1703
wheat,1704
common timothy,1705
American cockroach,1706
American cockroach,1707
peanut,1708
short ragweed,1709
Atlantic mackerel,1710
brook trout,1711
brook trout,1712
rainbow trout,1713
rainbow trout,1714
black mulberry,1715
giant river prawn,1716
wheat,1717
kidney bean,1718
kidney bean,1719
American cockroach,1720
tsetse fly,1721
tsetse fly,1722
tsetse fly,1723
Brazilian fire ant,1725
yellowfin tuna,1726
short ragweed,1727
short ragweed,1728
short ragweed,1729
short ragweed,1730
short ragweed,1731
short ragweed,1732
short ragweed,1733
Japanese cedar,1734
Japanese cedar,1735
fungus,1736
chum salmon,1737
coffee,1738
Russian thistle,1739
Russian thistle,1740
fungus,1741
European hop hornbeam,1742
fungus,1743
pine processionary moth,1744
cat,1745
house dust mite,1746
short ragweed,1747
short ragweed,1748
short ragweed,1749
short ragweed,1750
short ragweed,1751
short ragweed,1752
short ragweed,1753
short ragweed,1754
short ragweed,1755
short ragweed,1756
wasp,1757
carrot,1758
carrot,1759
carrot,1760
carrot,1761
carrot,1762
carrot,1763
carrot,1764
wasp,1765
wasp,1766
mushroom,1767
cat,1768
horse fly,1769
horse fly,1770
house dust mite,1771
European chestnut,1772
almond,1773
almond,1774
black tiger shrimp,1775
Patagonian grenadier,1776
southern hake,1777
southern hake,1778
Southern Pacific hake,1779
deep-water cape hake,1780
North Pacific hake,1781
Patagonian grenadier,1782
southern hake,1783
silver hake,1784
shallow-water cape hake,1785
European hake,1786
deep-water cape hake,1787
Benguela hake,1788
North Pacific hake,1789
Patagonian grenadier,1790
blue hake,1791
silver hake,1792
deep-water cape hake,1793
Benguela hake,1794
silver hake,1795
Southern Pacific hake,1796
snow crab,1797
Indian meal moth,1798
peanut,1799
peanut,1800
northern pink shrimp,1801
wasp,1802
European hornet,1803
wasp,1804
bumblebee,1805
peach,1806
cherry,1807
cherry,1808
apricot,1809
apricot,1810
apricot,1811
apricot,1812
Para rubber tree,1813
American cockroach,1814
German cockroach,1815
hornet,1816
wasp,1817
black tiger shrimp,1818
black tiger shrimp,1819
disk abalone,1820
hornet,1821
Tataricum buckwheat,1822
European pigeon tick,1823
horse fly,1824
parasitic fish worm,1825
parasitic fish worm,1826
parasitic fish worm,1827
parasitic fish worm,1828
domestic guinea pig,1829
domestic guinea pig,1830
crimson seabream,1831
crimson seabream,1832
rye,1833
perennial ryegrass,1834
green kiwifruit,1835
cassava,1836
wheat,1837
Bahia grass,1838
Bahia grass,1839
Bahia grass,1840
Bahia grass,1841
Bahia grass,1842
Bahia grass,1843
Bahia grass,1844
Bahia grass,1845
octopus,1846
parasitic roundworm,1847
banana prawn,1848
common timothy,1849
peanut,1850
parasitic fish worm,1851
soybean,1852
pear,1853
pear,1854
pear,1855
American cockroach,1856
Para rubber tree,1857
peach,1858
wolfberry,1859
fungus,1860
carrot,1861
carrot,1862
carrot,1863
dog,1864
crayfish,1865
green mud crab,1866
green kiwifruit,1868
gold kiwifruit,1869
green kiwifruit,1870
salmon,1871
yellowfin tuna,1872
salmon,1873
house dust mite,1874
house dust mite,1875
house dust mite,1876
house dust mite,1877
house dust mite,1878
Para rubber tree,1879
Para rubber tree,1880
fungus,1881
apple,1882
wheat,1883
common timothy,1884
pine processionary moth,1885
peach,1886
Mozambique tilapia,1887
soybean,1888
peanut,1889
green kiwifruit,1890
green kiwifruit,1891
green kiwifruit,1892
green kiwifruit,1893
gold kiwifruit,1894
climber (plant),1895
climber (plant),1896
climber (plant),1897
hardy kiwi,1898
hardy kiwi,1899
hardy kiwi,1900
gold kiwifruit,1901
house dust mite,1902
house dust mite,1903
house dust mite,1904
parasitic fish worm,1906
parasitic fish worm,1907
parasitic fish worm,1908
parasitic fish worm,1909
parasitic fish worm,1910
parasitic fish worm,1911
parasitic fish worm,1912
parasitic fish worm,1913
parasitic fish worm,1914
sapodilla plum,1915
pellitory,1916
blue swimmer crab,1917
olive,1918
olive,1919
storage mite,1920
tomato,1921
yeast,1922
yeast,1923
yeast,1924
yeast,1925
yeast,1926
house dust mite,1927
coffee,1928
coffee,1929
scabies mite,1930
wheat,1932
wheat,1933
wheat,1934
wheat,1935
almond,1936
fungus,1937
banana prawn,1938
hamster,1939
peach,1940
wheat,1941
wheat,1942
wheat,1943
celery,1944
strawberry,1946
European hazelnut,1947
giant river prawn,1948
pomegranate,1949
pomegranate,1950
pomegranate,1951
European white birch,1952
European white birch,1953
tomato,1955
tomato,1956
house dust mite,1958
hemp,1959
Para rubber tree,1960
European white birch,1961
Atlantic cod,1962
yellowfin tuna,1963
Atlantic cod,1964
yellowfin tuna,1965
lesser banded hornet,1966
lesser banded hornet,1967
olive,1968
European hazelnut,1969
European hazelnut,1970
European hazelnut,1971
European hazelnut,1972
olive,1973
European hazelnut,1974
European hazelnut,1975
European white birch,1976
buckwheat,1977
buckwheat,1978
Russian thistle,1979
European ash,1980
European ash,1981
honey bee,1982
honey bee,1983
honey bee,1984
honey bee,1985
white mulberry,1986
fungus,1987
mesquite,1988
wolf herring,1990
Madagascar periwinkle,1991
sapodilla plum,1993
fungus,1994
fungus,1995
Johnson grass,1996
Johnson grass,1997
Johnson grass,1998
Johnson grass,1999
house dust mite,2000
house dust mite,2001
house dust mite,2002
house dust mite,2003
house dust mite,2004
house dust mite,2005
house dust mite,2006
fungus,2007
house dust mite,2008
peach,2009
peach,2010
pine,2011
German cockroach,2012
American cockroach,2013
American cockroach,2014
wheat,2015
wheat,2016
wheat,2017
wheat,2018
wheat,2019
green kiwifruit,2020
redroot pigweed,2021
summer cypress,2022
wild cabbage,2023
house dust mite,2024
London plane tree,2025
cow,2026
parasitic fish worm,2027
narrow-leaved blue lupine,2028
narrow-leaved blue lupine,2029
narrow-leaved blue lupine,2030
narrow-leaved blue lupine,2031
narrow-leaved blue lupine,2032
narrow-leaved blue lupine,2033
peanut,2034
peanut,2035
peanut,2036
strawberry,2037
strawberry,2038
short ragweed,2039
dog,2040
fleshy prawn,2042
German cockroach,2043
banana,2044
papaya,2045
dog,2046
house dust mite,2047
summer cypress,2048
acacia,2049
house dust mite,2050
wasp,2051
house dust mite,2052
storage mite,2053
storage mite,2054
sweet wormwood,2059
silvery wormwood; Chinese mugwort,2060
capillary wormwood; mugwort,2061
wormwood; mugwort,2062
wormwood; mugwort,2063
wormwood; mugwort,2064
mugwort,2065
house dust mite,2066
house dust mite,2067
Mongolian oak,2068
American cockroach,2069
house dust mite,2070
Japanese cedar,2071
Japanese cypress,2072
scabies mite,2073
white mustard,2074
white mustard,2075
white mustard,2076
white mustard,2077
chicken,2078
peanut,2079
golden hamster,2080
Mongolian oak,2081
Indian mackerel,2082
yeast,2084
parasitic fish worm,2085
dandruff-associated fungus,2086
paper wasp,2087
Japanese apricot,2088
buckwheat,2089
wheat,2090
olive,2091
ringworm fungus,2092
soybean,2093
European hazelnut,2094
rainbow trout,2095
rainbow trout,2096
rainbow trout,2097
rice,2098
rice,2099
rice,2100
parasitic roundworm,2101
parasitic roundworm,2102
parasitic roundworm,2103
crayfish,2104
house dust mite,2105
house dust mite,2106
house dust mite,2107
house dust mite,2108
house dust mite,2109
house dust mite,2110
formosan subterranean termite,2111
honey bee,2112
honey bee,2113
spotless smooth-hound,2114
spotless smooth-hound,2115
spotless smooth-hound,2116
"chickling vetch, white pea",2117
house dust mite,2118
orange,2119
silvery wormwood; Chinese mugwort,2120
German cockroach,2121
olive,2122
pomegranate,2123
almond,2124
wheat,2125
redroot pigweed,2126
Para grass,2127
Para grass,2128
Para grass,2129
olive,2130
olive,2131
olive,2132
olive,2133
olive,2134
olive,2135
olive,2136
olive,2137
olive,2138
potato,2140
jumper ant,2141
jumper ant,2142
jumper ant,2143
jumper ant,2144
jumper ant,2145
jumper ant,2146
jumper ant,2147
jumper ant,2148
jumper ant,2149
jumper ant,2150
jumper ant,2151
jumper ant,2152
jumper ant,2153
jumper ant,2154
jumper ant,2155
jumper ant,2156
jumper ant,2157
jumper ant,2158
jumper ant,2159
jumper ant,2160
jumper ant,2161
mango,2162
mango,2163
mango,2164
mango,2165
mango,2166
mango,2167
fungus,2168
fungus,2169
tapeworm (cestode),2173
European white birch,2174
Arizona cypress,2175
fungus,2176
almond,2177
African whitewood ,2178
apple,2179
pellitory,2180
house dust mite,2181
methylotrophic yeast,2182
turnip,2183
green kiwifruit,2184
strawberry,2185
gold kiwifruit,2186
storage mite,2187
Chinese mitten crab,2188
parasitic fish worm,2189
fungus,2191
fungus,2192
fungus,2193
fungus,2194
house dust mite,2195
snow crab,2197
fungus,2198
giant mud crab,2199
bacteria,2200
wheat,2201
black gram,2202
black tiger shrimp,2203
fennel,2204
fennel,2205
fennel,2206
fennel,2207
fennel,2208
wasp,2209
house dust mite,2210
Western king prawn,2211
rice,2212
dog,2213
white lupine,2214
buckwheat,2215
buckwheat,2216
hamster,2217
hamster,2218
coconut,2220
coconut,2221
soybean,2222
pine,2223
ass,2224
horse,2225
English walnut,2226
fungus,2227
fungus,2228
green kiwifruit,2230
green kiwifruit,2231
green kiwifruit,2232
yellow fever mosquito,2235
yellow fever mosquito,2236
yellow fever mosquito,2237
yellow fever mosquito,2238
yellow fever mosquito,2239
yellow fever mosquito,2240
yellow fever mosquito,2241
fungus,2242
pine processionary moth,2243
pine processionary moth,2244
pine processionary moth,2245
narrow-leaved blue lupine,2246
white lupine,2247
yellow lupine,2248
yellow lupine,2249
white lupine,2250
narrow-leaved blue lupine,2251
narrow-leaved blue lupine,2252
white lupine,2253
yellow lupine,2254
narrow-leaved blue lupine,2255
white lupine,2256
narrow-leaved blue lupine,2257
narrow-leaved blue lupine,2258
white lupine,2259
shan yao,2260
yellow fever mosquito,2261
yellow fever mosquito,2262
yellow fever mosquito,2263
yellow fever mosquito,2264
yellow fever mosquito,2265
yellow fever mosquito,2266
yellow fever mosquito,2267
yellow fever mosquito,2268
yellow fever mosquito,2269
yellow fever mosquito,2270
yellow fever mosquito,2271
yellow fever mosquito,2272
yellow fever mosquito,2273
beet,2274
beet,2275
beet,2276
fungus,2277
fungus,2278
buckwheat,2280
buckwheat,2281
chicken,2282
eggplant,2283
house cricket,2284
house cricket,2285
giant Madagascar hissing cockroach,2286
greater wax moth,2287
greater wax moth,2288
white shrimp,2289
yellow mealworm,2290
yellow mealworm,2291
giant mealworm beetle,2292
Asian tiger mosquito,2293
Asian tiger mosquito,2294
Asian tiger mosquito,2295
Asian tiger mosquito,2296
Asian tiger mosquito,2297
Asian tiger mosquito,2298
mosquito,2299
mosquito,2300
southern house mosquito,2301
southern house mosquito,2302
southern house mosquito,2303
southern house mosquito,2304
southern house mosquito,2305
southern house mosquito,2306
southern house mosquito,2307
southern house mosquito,2308
southern house mosquito,2309
southern house mosquito,2310
peach,2311
peach,2312
peach,2313
green mud crab,2314
Portuguese oyster,2315
apple,2316
apple,2317
apple,2318
apple,2319
apple,2320
apple,2321
apple,2322
house dust mite,2323
olive,2324
black tiger shrimp,2325
black tiger shrimp,2326
apricot,2327
almond,2328
house dust mite,2329
absinthe wormwood,2330
sweet wormwood,2331
California sagebrush,2332
sagebrush,2333
sagebrush,2334
common sagebrush,2335
common sagebrush,2336
silver wormwood,2337
silver wormwood,2338
house dust mite,2339
green mud crab,2340
chironji,2341
chironji,2342
chironji,2343
wheat,2344
wheat,2345
wheat,2346
wheat,2347
green mud crab,2348
house dust mite,2349
white legged freshwater shrimp,2350
walleye pollock,2351
walleye pollock,2352
fungus,2353
almond,2354
rice,2355
banana,2356
saffron crocus,2357
wheat,2358
wheat,2359
olive,2360
Bermuda grass,2361
Bermuda grass,2362
rape,2364
rape,2365
Indian date,2366
Indian date,2367
Indian date,2368
Indian date,2369
Indian date,2370
Indian date,2371
Indian date,2372
Indian date,2373
Indian date,2374
Indian date,2375
Indian date,2376
Indian date,2377
Indian date,2378
Indian date,2379
Indian date,2380
Indian date,2381
Indian date,2382
Indian date,2383
Indian date,2384
rye,2385
barley,2386
cat,2387
domestic guinea pig,2388
house dust mite,2389
house dust mite,2390
wheat,2391
house dust mite,2392
silkworm,2393
peanut,2394
grass carp,2395
narrow-leaved blue lupine,2396
white lupine,2397
hemp,2398
green kiwifruit,2399
pea,2400
formosan subterranean termite,2401
Japanese hop,2402
storage mite,2403
carrot,2404
wheat,2405
wheat,2406
wheat,2407
wheat,2408
wheat,2409
wheat,2410
wheat,2411
wheat,2412
wheat,2413
wheat,2414
wheat,2415
"flametree, royal poinciana",2416
"flametree, royal poinciana",2417
"flametree, royal poinciana",2418
"flametree, royal poinciana",2419
"flametree, royal poinciana",2420
"flametree, royal poinciana",2421
"flametree, royal poinciana",2422
"flametree, royal poinciana",2423
"flametree, royal poinciana",2424
"flametree, royal poinciana",2425
"flametree, royal poinciana",2426
"flametree, royal poinciana",2427
"flametree, royal poinciana",2428
"flametree, royal poinciana",2429
"flametree, royal poinciana",2430
"flametree, royal poinciana",2431
"flametree, royal poinciana",2432
"flametree, royal poinciana",2433
"flametree, royal poinciana",2434
"flametree, royal poinciana",2435
domestic guinea pig,2436
Japanese cedar,2437
mountain cedar,2438
black poplar,2439
holly oak,2440
storage mite,2441
storage mite,2442
storage mite,2443
German cockroach,2444
common cypress,2445
peanut,2446
peanut,2447
winter squash,2448
hemp,2449
green kiwifruit,2450
peanut,2451
peanut,2452
peanut,2453
peanut,2454
chicken,2455
chicken,2456
chicken,2457
chicken,2458
chicken,2459
chicken,2460
chicken,2461
chicken,2462
chicken,2463
chicken,2464
chicken,2465
chicken,2466
chicken,2467
chicken,2468
Asian hornet,2469
Asian hornet,2470
Asian hornet,2471
Asian hornet,2472
Asian hornet,2473
Asian hornet,2474
Asian hornet,2475
Asian hornet,2476
Asian hornet,2477
Asian hornet,2478
Asian hornet,2479
Asian hornet,2480
Asian hornet,2481
veined rapa whelk,2482
veined rapa whelk,2483
veined rapa whelk,2484
veined rapa whelk,2485
veined rapa whelk,2486
veined rapa whelk,2487
veined rapa whelk,2488
veined rapa whelk,2489
almond,2490
almond,2491
almond,2492
almond,2493
almond,2495
almond,2496
winter squash,2497
winter squash,2498
winter squash,2499
winter squash,2500
winter squash,2501
winter squash,2502
winter squash,2503
winter squash,2504
macadamia nut,2578
macadamia nut,2579
macadamia nut,2581
macadamia nut,2583
macadamia nut,2584
macadamia nut,2585
white shrimp,2653
silkworm,2654
American cockroach,2655
locust,2656
locust,2657
locust,2658
locust,2659
locust,2662
locust,2663
locust,2664
locust,2665
locust,2667
locust,2670
locust,2671
carp,2674
Tataricum buckwheat,2676
Tataricum buckwheat,2677
centipede,2679
coconut,2683
fungus,2684
fungus,2685
fungus,2686
fungus,2687
fungus,2688
fungus,2690
fungus,2691
fungus,2692
fungus,2694
fungus,2695
fungus,2696
fungus,2697
fungus,2700
sawtooth oak,2701
sawtooth oak,2702
sawtooth oak,2703
European hazelnut,2708
mesquite,2728
mesquite,2729
Manila grass,2731
riceland prawn,2742
riceland prawn,2743
riceland prawn,2744
red claw crayfish,2754
red claw crayfish,2757
red claw crayfish,2758
red claw crayfish,2759
red claw crayfish,2760
paper wasp,2763
paper wasp,2764
paper wasp,2765
Portuguese oyster,2766
apple,2767
parasitic worm,2773
parasitic worm,2774
parasitic worm,2775
parasitic worm,2776
fungus,2777
celery,2778
peanut,2779
pecan pollen,2782
pecan pollen,2784
pecan pollen,2785
pecan pollen,2786
pecan pollen,2787
pecan pollen,2788
pecan pollen,2789
pecan pollen,2790
pecan pollen,2791
pecan pollen,2792
pecan pollen,2793
pecan pollen,2794
pecan pollen,2795
pecan pollen,2837
pecan pollen,2838
pecan pollen,2839
pecan pollen,2840
pecan pollen,2841
pecan pollen,2862
pecan pollen,2863
pecan pollen,2866
pecan pollen,2867
pecan pollen,2868
pecan pollen,2869
pecan pollen,2870
pecan pollen,2871
pecan pollen,2872
pecan pollen,2873
pecan pollen,2874
pecan pollen,2875
pecan pollen,2881
pecan pollen,2882
pecan pollen,2883
pecan pollen,2884
pecan pollen,2885
pecan pollen,2888
pecan pollen,2891
pecan pollen,2892
pecan pollen,2893
pecan pollen,2894
pecan pollen,2896
pecan pollen,2930
pecan pollen,2931
pecan pollen,2932
pecan pollen,2933
parasitic worm,3376
parasitic worm,3377
parasitic worm,3378
parasitic worm,3379
parasitic worm,3380
parasitic worm,3381
longtail tuna,3382
longtail tuna,3384
longtail tuna,3385
longtail tuna,3386
longtail tuna,3387
longtail tuna,3389
longtail tuna,3393
longtail tuna,3395
longtail tuna,3396
longtail tuna,3398
longtail tuna,3400
longtail tuna,3403
sunflower pollen,3439
mesquite,3440
mesquite,3441
mesquite,3442
mesquite,3443
mesquite,3444
mesquite,3446
mesquite,3447
sunflower pollen,3448
sunflower pollen,3449
sunflower pollen,3450
sunflower pollen,3451
sunflower pollen,3452
fungus,3453
macadamia nut,3454
honey bee,3456
flax,3457
flax,3458
flax,3459
flax,3460
macadamia nut,3461
freshwater snail,3462
freshwater snail,3463
freshwater snail,3464
American cockroach,3465
grape pollen,3466
grape pollen,3467
grape pollen,3468
grape pollen,3469
grape pollen,3470
grape pollen,3471
grape pollen,3472
grape pollen,3473
grape pollen,3474
kidney bean,3475
papaya,3476
mango,3477
American cockroach,3478
flax,3479
flax,3480
flax,3481
European hazelnut,3482
European hazelnut,3483
wheat,3484
wheat,3485
wheat,3486
wheat,3487
wheat,3488
wheat,3489
wheat,3490
American cockroach,3491
American cockroach,3492
London plane tree,3493
grape pollen,3494
grape pollen,3495
grape pollen,3496
grape pollen,3497
black tiger shrimp,3498
cow,3499
cow,3500
grape pollen,3501
grape pollen,3502
grape pollen,3503
turbot,3504
turbot,3505
mango,3506
carrot,3507
carrot,3508
,3509
American cockroach,3510
American cockroach,3511
watermelon,3512
grape pollen,3513
London plane tree,3514
mango,3515
mango,3516
plant hybrid,3517
king trumpet mushroom,3518
king trumpet mushroom,3519
shiitake mushroom,3520
watermelon,3521
grape pollen,3522
grape pollen,3523
grape pollen,3524
freshwater snail,3525
freshwater snail,3526
black tiger shrimp,3527
house dust mite,3528
storage mite,3529
storage mite,3530
macadamia nut,3531
macadamia nut,3532
macadamia nut,3533
wormwood; mugwort,3534
wormwood; mugwort,3535
velvet mesquite,3536
velvet mesquite,3537
velvet mesquite,3538
velvet mesquite,3539
velvet mesquite,3540
velvet mesquite,3541
velvet mesquite,3542
velvet mesquite,3543
velvet mesquite,3544
velvet mesquite,3545
velvet mesquite,3546
velvet mesquite,3547
velvet mesquite,3548
velvet mesquite,3549
velvet mesquite,3550
velvet mesquite,3551
velvet mesquite,3552
velvet mesquite,3553
velvet mesquite,3554
velvet mesquite,3555
velvet mesquite,3556
velvet mesquite,3557
velvet mesquite,3558
velvet mesquite,3559
velvet mesquite,3560
velvet mesquite,3561
velvet mesquite,3562
velvet mesquite,3563
velvet mesquite,3564
velvet mesquite,3565
velvet mesquite,3566
velvet mesquite,3567
velvet mesquite,3568
velvet mesquite,3569
velvet mesquite,3570
velvet mesquite,3571
velvet mesquite,3572
velvet mesquite,3573
velvet mesquite,3574
velvet mesquite,3575
velvet mesquite,3577
velvet mesquite,3578
velvet mesquite,3579
velvet mesquite,3580
velvet mesquite,3581
velvet mesquite,3582
velvet mesquite,3583
velvet mesquite,3584
velvet mesquite,3585
velvet mesquite,3586
velvet mesquite,3587
velvet mesquite,3588
velvet mesquite,3589
velvet mesquite,3590
brown crab,3592
corn,3593
black tiger shrimp,3600
black tiger shrimp,3601
black tiger shrimp,3602
brown crab,3603
brown crab,3604
brown crab,3605
brown crab,3606
brown crab,3607
brown crab,3608
Portuguese oyster,3609
wormwood; mugwort,3610
wormwood; mugwort,3611
macadamia nut,3612
mantis shrimp,3613
crab,3614
Asian white birch,3615
grapefruit,3616
grapefruit,3617
orange,3618
grapefruit,3619
orange,3620
grapefruit,3621
orange,3622
lemon,3623
grapefruit,3624
orange,3625
lemon,3626
grapefruit,3627
orange,3628
grapefruit,3629
lemon,3630
grapefruit,3631
lemon,3632
grapefruit,3633
orange,3634
lemon,3635
grapefruit,3636
grapefruit,3637
orange,3638
storage mite,3639
peach,3640
peach,3641
peach,3642
peach,3643
peach,3644
peach,3645
peach,3646
peach,3647
peach,3648
wormwood; mugwort,3649
sweet wormwood,3650
opium poppy,3651
opium poppy,3652
opium poppy,3653
opium poppy,3654
opium poppy,3655
opium poppy,3656
opium poppy,3657
opium poppy,3658
opium poppy,3659
opium poppy,3660
opium poppy,3661
opium poppy,3662
opium poppy,3663
opium poppy,3664
opium poppy,3665
opium poppy,3666
opium poppy,3667
opium poppy,3668
opium poppy,3669
opium poppy,3670
opium poppy,3671
opium poppy,3672
opium poppy,3673
opium poppy,3674
opium poppy,3675
opium poppy,3676
English walnut,3677
English walnut,3678
English walnut,3680
Sichuan pepper ,3681
Sichuan pepper,3682
Sichuan pepper,3683
Sichuan pepper,3684
Sichuan pepper,3685
Sichuan pepper,3686
Sichuan pepper,3687
Sichuan pepper,3689
Sichuan pepper,3691
Sichuan pepper,3692
Sichuan pepper,3693
Sichuan pepper,3694
Asian white birch,3695
peach,3696
rice,3697
black soldier fly,3698
banana,3699
Costa Rica nightblooming cactus,3700
dragon fruit,3701
European hazelnut,3702
European hazelnut,3703
European hazelnut,3704
European hazelnut,3705
European hazelnut,3706
paper mulberry,3707
spotted seabass,3708
freshwater snail,3709
freshwater snail,3710
crayfish,3711
shark,3712
thornback ray,3713
crocodile,3714
crocodile,3715
banana,3716
banana,3717
pomegranate,3718
pomegranate,3719
pomegranate,3720
American oyster,3721
green mud crab,3722
oyster,3723
oyster,3724
wormwood; mugwort,3725
hemp,3726
house dust mite,3727
house dust mite,3728
house dust mite,3729
Japanese seabass,3730
Japanese hop,3731
Asian tiger mosquito,3732
dandruff-associated fungus,3733
social wasp,3734
social wasp,3735
lentil,3736
lentil,3737
lentil,3738
fungus,3739
fungus,3740
fungus,3741
house dust mite,3742
house dust mite,3743
silkworm,3744
London plane tree,3745
fungus,3746
fungus,3747
fungus,3748
fungus,3749
fungus,3750
fungus,3751
fungus,3752
fungus,3753
fungus,3754
fungus,3755
horse chestnut seeds,3756
cotton,3757
cotton,3758
house cricket,3759
